Barack	Barack	PROPN	NNP	NounType=prop|Number=sing	4	compound	__
Hussein	Hussein	PROPN	NNP	NounType=prop|Number=sing	4	compound	__
Obama	Obama	PROPN	NNP	NounType=prop|Number=sing	4	compound	__
II	II	PROPN	NNP	NounType=prop|Number=sing	12	nsubj	__
(	(	PUNCT	-LRB-	PunctType=brck|PunctSide=ini	4	punct	_SpaceAfter=No
born	bear	VERB	VBN	VerbForm=part|Tense=past|Aspect=perf	4	acl	__
August	August	PROPN	NNP	NounType=prop|Number=sing	6	npadvmod	__
4	4	NUM	CD	NumType=card	7	nummod	_SpaceAfter=No
,	,	PUNCT	,	PunctType=comm	7	punct	__
1961	1961	NUM	CD	NumType=card	7	nummod	_SpaceAfter=No
)	)	PUNCT	-RRB-	PunctType=brck|PunctSide=fin	4	punct	__
is	be	AUX	VBZ	VerbForm=fin|Tense=pres|Number=sing|Person=three	0	ROOT	__
an	an	DET	DT	_	15	det	__
American	american	ADJ	JJ	Degree=pos	15	amod	__
politician	politician	NOUN	NN	Number=sing	12	attr	__
who	who	PRON	WP	_	17	nsubj	__
is	be	AUX	VBZ	VerbForm=fin|Tense=pres|Number=sing|Person=three	15	relcl	__
the	the	DET	DT	_	22	det	__
44th	44th	ADJ	JJ	Degree=pos	22	amod	__
and	and	CCONJ	CC	ConjType=comp	19	cc	__
current	current	ADJ	JJ	Degree=pos	19	conj	__
President	President	PROPN	NNP	NounType=prop|Number=sing	17	attr	__
of	of	ADP	IN	_	22	prep	__
the	the	DET	DT	_	26	det	__
United	United	PROPN	NNP	NounType=prop|Number=sing	26	compound	__
States	States	PROPN	NNP	NounType=prop|Number=sing	23	pobj	_SpaceAfter=No
